Order_ID,Distance_km,Weather,Traffic_Level,Time_of_Day,Vehicle_Type,Preparation_Time_min,Courier_Experience_yrs,Delivery_Time_min,Total_Time
522,7.93,Windy,Low,Afternoon,Scooter,12,1.0,43,55
738,16.42,Clear,Medium,Evening,Bike,20,2.0,84,104
741,9.52,Foggy,Low,Night,Scooter,28,1.0,59,87
661,7.44,Rainy,Medium,Afternoon,Scooter,5,1.0,37,42
412,19.03,Clear,Low,Morning,Bike,16,5.0,68,84
679,19.4,Clear,Low,Evening,Scooter,8,9.0,57,65
627,9.52,Clear,Low,Evening,Bike,12,1.0,49,61
514,17.39,Clear,Medium,Evening,Scooter,5,6.0,46,51
860,1.78,Snowy,Low,Evening,Car,20,6.0,35,55
137,10.62,Foggy,Low,Evening,Scooter,29,1.0,73,102
812,16.86,Snowy,Medium,Afternoon,Car,13,4.0,88,101
77,15.54,Clear,Low,Night,Bike,29,1.0,76,105
637,10.89,Clear,High,Night,Bike,12,5.0,53,65
974,4.69,Rainy,Medium,Evening,Scooter,12,7.0,36,48
939,2.8,Clear,High,Morning,Scooter,10,4.0,33,43
900,2.17,Snowy,Low,Evening,Car,15,3.0,35,50
281,17.86,Rainy,Low,Afternoon,Bike,5,1.0,50,55
884,2.53,Snowy,Low,Morning,Bike,6,8.0,24,30
762,6.58,Foggy,Low,Evening,Car,6,7.0,27,33
320,5.38,Clear,Medium,Evening,Scooter,26,1.0,47,73
550,15.56,Rainy,Low,Afternoon,Scooter,28,0.0,72,100
175,13.08,Rainy,Low,Morning,Car,16,4.0,58,74
372,0.86,Clear,High,Afternoon,Bike,26,5.0,37,63
528,5.83,Clear,High,Evening,Car,27,9.0,56,83
211,11.2,Clear,Medium,Morning,Bike,23,5.0,73,96
236,14.59,Clear,Medium,Morning,Bike,15,6.0,64,79
102,12.91,Windy,Medium,Evening,Bike,11,6.0,56,67
987,13.92,Snowy,Low,Morning,Scooter,18,4.0,70,88
903,4.04,Snowy,Low,Night,Bike,11,9.0,70,81
948,18.05,Clear,Medium,Evening,Scooter,10,7.0,123,133
347,12.88,Clear,Medium,Morning,Scooter,8,5.0,52,60
140,19.45,Rainy,High,Morning,Scooter,20,6.0,108,128
622,4.58,Clear,High,Morning,Scooter,22,9.0,45,67
500,19.73,Foggy,Medium,Evening,Bike,27,4.0,111,138
371,2.47,Windy,Medium,Morning,Bike,27,2.0,44,71
199,17.8,Snowy,Medium,Morning,Bike,16,9.0,73,89
688,5.96,Clear,Medium,Afternoon,Bike,22,7.0,45,67
585,12.85,Windy,Medium,Afternoon,Scooter,18,7.0,61,79
902,1.02,Clear,Medium,Afternoon,Bike,25,4.0,34,59
60,6.84,Rainy,Medium,Night,Car,14,8.0,47,61
329,8.68,Rainy,Medium,Morning,Bike,8,5.0,52,60
97,10.69,Clear,Medium,Night,Bike,25,9.0,67,92
313,0.99,Clear,Medium,Evening,Bike,15,5.0,32,47
975,1.11,Clear,Low,Morning,Bike,5,6.0,8,13
300,2.16,Snowy,Low,Evening,Scooter,15,0.0,36,51
278,13.17,Windy,Medium,Afternoon,Bike,16,4.0,67,83
925,8.79,Snowy,Low,Night,Bike,14,6.0,43,57
602,5.93,Clear,Low,Afternoon,Scooter,19,3.0,36,55
440,2.09,Rainy,Low,Night,Bike,23,2.0,36,59
838,7.57,Clear,Low,Morning,Bike,21,0.0,56,77
571,10.52,Rainy,Medium,Afternoon,Scooter,8,4.0,56,64
880,4.83,Rainy,Low,Morning,Car,25,9.0,47,72
262,19.81,Snowy,Medium,Afternoon,Car,20,5.0,104,124
579,10.1,Rainy,Low,Evening,Car,8,4.0,50,58
24,7.64,Windy,Low,Afternoon,Car,10,8.0,31,41
31,12.35,Clear,Low,Morning,Scooter,10,6.0,35,45
618,5.9,Rainy,Low,Evening,Car,26,9.0,44,70
11,0.9,Clear,Low,Afternoon,Bike,20,8.0,23,43
222,11.58,Clear,Medium,Morning,Scooter,16,2.0,61,77
821,16.16,Clear,High,Afternoon,Bike,11,1.0,82,93
297,15.51,Clear,Low,Evening,Bike,17,9.0,69,86
55,12.16,Windy,High,Evening,Scooter,11,0.0,69,80
543,4.96,Rainy,High,Morning,Bike,21,0.0,60,81
210,3.64,Windy,High,Evening,Bike,17,6.0,40,57
605,2.85,Clear,Low,Morning,Scooter,26,0.0,38,64
693,10.4,Clear,Low,Evening,Bike,16,4.0,52,68
663,12.31,Windy,Low,Morning,Bike,29,4.0,68,97
867,3.53,Clear,Medium,Afternoon,Bike,13,7.0,31,44
71,15.56,Clear,Medium,Evening,Bike,14,3.0,54,68
544,13.6,Clear,Medium,Afternoon,Bike,27,0.0,87,114
108,15.23,Snowy,High,Morning,Bike,5,0.0,62,67
494,4.17,Clear,Low,Evening,Scooter,5,1.0,22,27
591,3.21,Rainy,High,Night,Scooter,16,0.0,42,58
742,6.38,Snowy,Low,Evening,Bike,16,1.0,111,127
293,16.54,Rainy,Low,Afternoon,Scooter,6,7.0,51,57
290,12.02,Clear,Low,Morning,Car,9,7.0,41,50
653,11.94,Clear,Low,Evening,Bike,20,3.0,69,89
40,9.08,Clear,Low,Afternoon,Scooter,14,5.0,49,63
590,3.46,Snowy,Medium,Morning,Scooter,23,3.0,48,71
308,6.8,Foggy,Medium,Morning,Scooter,13,7.0,46,59
680,17.38,Rainy,Medium,Afternoon,Scooter,11,2.0,92,103
67,3.25,Clear,Low,Morning,Bike,23,7.0,32,55
276,10.28,Clear,Medium,Evening,Scooter,29,3.0,71,100
68,16.14,Clear,Low,Night,Car,6,9.0,65,71
319,3.55,Clear,Medium,Evening,Bike,23,0.0,43,66
549,10.65,Clear,Medium,Afternoon,Scooter,23,8.0,58,81
999,19.03,Clear,Low,Afternoon,Car,26,5.0,68,94
715,7.3,Clear,Low,Night,Scooter,14,7.0,28,42
754,7.03,Clear,Low,Evening,Scooter,21,1.0,44,65
328,12.43,Snowy,Low,Afternoon,Car,12,0.0,70,82
383,12.76,Windy,High,Morning,Scooter,27,4.0,74,101
452,11.39,Rainy,High,Evening,Scooter,14,1.0,72,86
523,19.41,Clear,Low,Morning,Car,7,3.0,48,55
219,13.17,Rainy,High,Evening,Scooter,17,8.0,69,86
788,8.32,Rainy,Low,Afternoon,Car,12,2.0,49,61
437,1.92,Clear,Low,Evening,Bike,8,7.0,14,22
765,1.15,Clear,Low,Afternoon,Scooter,26,4.0,30,56
89,17.8,Windy,High,Afternoon,Car,12,9.0,73,85
64,7.46,Clear,Medium,Evening,Bike,8,5.0,42,50
827,7.25,Clear,Medium,Afternoon,Scooter,18,4.0,45,63
717,16.7,Clear,Medium,Afternoon,Scooter,28,1.0,76,104
352,17.2,Rainy,High,Afternoon,Scooter,14,2.0,94,108
937,0.86,Clear,Medium,Afternoon,Car,21,7.0,28,49
257,18.76,Clear,Medium,Evening,Car,15,2.0,80,95
636,9.22,Clear,Medium,Afternoon,Car,18,9.0,57,75
645,2.84,Clear,Low,Evening,Scooter,24,2.0,35,59
555,17.59,Clear,Low,Morning,Bike,24,6.0,69,93
960,14.89,Snowy,High,Morning,Scooter,17,6.0,87,104
169,1.3,Clear,Medium,Evening,Bike,22,4.0,31,53
918,18.99,Rainy,High,Afternoon,Bike,10,6.0,70,80
529,1.6,Foggy,Low,Night,Scooter,24,4.0,37,61
824,8.26,Snowy,Low,Afternoon,Bike,15,1.0,57,72
986,10.16,Clear,High,Night,Bike,12,5.0,52,64
817,12.03,Clear,Medium,Morning,Car,20,5.0,65,85
87,14.73,Rainy,Low,Afternoon,Bike,24,6.0,74,98
433,12.56,Clear,High,Evening,Bike,17,5.0,69,86
185,5.53,Clear,Medium,Afternoon,Bike,19,1.0,44,63
979,10.18,Foggy,Medium,Morning,Bike,25,3.0,73,98
535,15.5,Clear,Medium,Morning,Scooter,28,9.0,91,119
295,2.98,Foggy,Medium,Night,Bike,11,2.0,27,38
893,16.69,Foggy,Medium,Evening,Scooter,8,2.0,65,73
426,11.22,Windy,High,Evening,Bike,25,5.0,79,104
714,8.53,Clear,Low,Evening,Scooter,8,2.0,41,49
261,12.49,Clear,Medium,Morning,Bike,25,4.0,77,102
238,0.97,Clear,Low,Night,Scooter,24,8.0,26,50
560,12.6,Windy,Medium,Afternoon,Car,8,6.0,58,66
584,6.91,Clear,Medium,Evening,Scooter,28,9.0,56,84
446,18.97,Clear,Low,Evening,Car,25,4.0,141,166
868,4.05,Clear,Medium,Evening,Bike,20,5.0,44,64
801,14.29,Windy,Medium,Morning,Bike,14,7.0,78,92
600,1.3,Foggy,Low,Evening,Bike,19,5.0,29,48
850,12.11,Rainy,Low,Morning,Bike,9,5.0,59,68
266,14.94,Clear,Medium,Morning,Bike,11,0.0,62,73
996,2.29,Rainy,High,Afternoon,Car,8,8.0,80,88
530,17.36,Rainy,High,Afternoon,Bike,24,1.0,105,129
56,18.48,Clear,Medium,Night,Bike,8,0.0,82,90
121,16.25,Foggy,High,Morning,Bike,10,5.0,91,101
216,5.13,Clear,Low,Morning,Car,15,4.0,30,45
26,15.81,Clear,Low,Morning,Car,25,1.0,92,117
73,0.61,Clear,Low,Afternoon,Scooter,10,0.0,16,26
45,5.55,Foggy,High,Evening,Bike,18,1.0,116,134
248,19.35,Clear,High,Evening,Bike,12,7.0,75,87
722,4.03,Clear,Medium,Evening,Bike,9,5.0,25,34
282,7.09,Snowy,Low,Morning,Scooter,13,8.0,37,50
894,8.25,Clear,Medium,Afternoon,Bike,7,9.0,28,35
915,11.26,Clear,Low,Night,Bike,5,6.0,49,54
811,19.7,Rainy,Low,Evening,Bike,10,2.0,60,70
245,0.8,Snowy,High,Evening,Bike,14,9.0,36,50
823,7.0,Rainy,Medium,Evening,Bike,17,9.0,49,66
322,14.43,Clear,Medium,Morning,Car,14,4.0,113,127
644,6.89,Rainy,Medium,Afternoon,Bike,11,6.0,43,54
159,5.13,Foggy,Medium,Evening,Car,25,1.0,60,85
978,1.5,Clear,Low,Afternoon,Bike,10,1.0,17,27
430,2.78,Clear,High,Afternoon,Scooter,9,0.0,41,50
942,11.31,Clear,Medium,Evening,Bike,7,0.0,54,61
463,15.05,Clear,Medium,Evening,Car,12,2.0,66,78
310,5.78,Foggy,Low,Afternoon,Scooter,9,9.0,33,42
698,11.83,Clear,Low,Evening,Scooter,9,7.0,32,41
61,8.08,Foggy,Low,Morning,Bike,25,2.0,61,86
885,16.1,Clear,Low,Evening,Bike,25,0.0,64,89
596,9.74,Rainy,Medium,Evening,Scooter,7,8.0,37,44
768,17.6,Clear,Low,Afternoon,Bike,27,3.0,69,96
650,10.22,Snowy,Medium,Night,Bike,18,1.0,68,86
651,2.19,Clear,Low,Evening,Bike,26,3.0,32,58
866,11.41,Windy,Medium,Afternoon,Scooter,17,4.0,68,85
669,4.14,Clear,Medium,Morning,Scooter,14,2.0,30,44
299,12.65,Rainy,Low,Afternoon,Bike,18,8.0,60,78
690,4.15,Clear,Medium,Morning,Car,17,8.0,46,63
315,16.8,Clear,High,Morning,Car,19,4.0,85,104
311,9.06,Clear,Medium,Evening,Bike,23,4.0,47,70
362,13.04,Clear,Medium,Morning,Scooter,20,6.0,65,85
480,10.7,Clear,Medium,Afternoon,Scooter,8,5.0,44,52
111,6.15,Foggy,Low,Evening,Scooter,26,5.0,48,74
990,16.47,Snowy,High,Evening,Scooter,20,9.0,75,95
487,1.39,Clear,Medium,Afternoon,Bike,15,4.0,24,39
364,11.14,Rainy,Medium,Morning,Scooter,7,3.0,47,54
255,3.81,Rainy,High,Afternoon,Bike,5,6.0,31,36
260,2.39,Rainy,Medium,Evening,Bike,27,7.0,43,70
803,11.74,Clear,High,Evening,Car,6,3.0,54,60
678,8.26,Clear,Low,Morning,Car,21,4.0,80,101
495,9.54,Rainy,Medium,Evening,Scooter,11,5.0,47,58
671,3.88,Clear,Medium,Morning,Bike,16,2.0,35,51
378,0.95,Rainy,Medium,Morning,Car,27,0.0,44,71
527,8.59,Clear,Low,Night,Scooter,17,8.0,36,53
846,8.59,Clear,Low,Evening,Bike,22,2.0,43,65
138,14.21,Clear,Medium,Evening,Bike,24,5.0,58,82
356,13.03,Foggy,Low,Morning,Scooter,9,1.0,50,59
366,8.03,Clear,Low,Evening,Scooter,14,8.0,42,56
943,13.2,Snowy,Low,Morning,Car,14,3.0,62,76
750,12.67,Clear,Medium,Evening,Car,10,3.0,65,75
949,17.54,Clear,Low,Morning,Car,16,8.0,54,70
830,9.32,Clear,Low,Morning,Scooter,6,5.0,30,36
657,6.03,Rainy,High,Afternoon,Car,8,6.0,46,54
200,15.71,Clear,Low,Afternoon,Scooter,28,5.0,69,97
214,4.87,Snowy,High,Evening,Bike,16,7.0,54,70
409,18.15,Rainy,High,Morning,Bike,22,7.0,108,130
333,0.78,Clear,Medium,Morning,Bike,6,1.0,17,23
209,0.6,Clear,Low,Afternoon,Bike,26,3.0,30,56
614,2.09,Clear,Medium,Evening,Bike,5,5.0,16,21
79,7.49,Clear,Medium,Morning,Scooter,13,9.0,45,58
30,1.41,Foggy,Medium,Evening,Bike,15,0.0,72,87
536,18.92,Clear,High,Morning,Scooter,27,4.0,100,127
696,12.41,Clear,Medium,Morning,Car,10,1.0,51,61
558,1.06,Clear,Low,Afternoon,Scooter,19,6.0,21,40
837,18.34,Clear,High,Night,Bike,9,4.0,92,101
597,13.52,Clear,Low,Morning,Scooter,27,1.0,82,109
166,16.79,Foggy,High,Afternoon,Bike,24,6.0,85,109
919,15.39,Clear,Medium,Evening,Scooter,24,5.0,89,113
496,7.39,Rainy,Medium,Morning,Scooter,25,6.0,60,85
825,10.98,Rainy,Low,Morning,Scooter,10,6.0,55,65
66,11.08,Snowy,Medium,Morning,Bike,9,0.0,57,66
142,5.41,Clear,Medium,Night,Bike,14,5.0,36,50
926,0.94,Clear,High,Morning,Bike,9,6.0,21,30
828,7.27,Windy,Low,Afternoon,Bike,10,5.0,35,45
656,2.99,Windy,Medium,Morning,Bike,27,5.0,41,68
332,15.28,Snowy,Low,Evening,Bike,16,5.0,72,88
665,2.48,Windy,Medium,Afternoon,Car,14,6.0,27,41
250,17.13,Rainy,Low,Evening,Car,19,1.0,71,90
908,7.17,Clear,Low,Afternoon,Bike,15,7.0,32,47
709,5.47,Rainy,Low,Morning,Car,21,6.0,38,59
306,19.53,Foggy,Low,Afternoon,Bike,11,6.0,87,98
735,7.5,Clear,High,Morning,Bike,29,1.0,66,95
976,5.61,Windy,Low,Night,Bike,25,9.0,48,73
50,4.1,Clear,Low,Morning,Bike,21,3.0,37,58
897,6.22,Rainy,Medium,Morning,Bike,15,0.0,49,64
3,14.77,Clear,High,Morning,Scooter,11,6.0,67,78
545,12.55,Windy,Low,Evening,Bike,13,8.0,51,64
351,10.31,Foggy,Medium,Morning,Scooter,19,5.0,62,81
905,8.72,Snowy,Medium,Evening,Car,18,7.0,64,82
537,17.07,Clear,Medium,Morning,Bike,20,6.0,73,93
345,8.27,Clear,High,Afternoon,Scooter,13,5.0,58,71
995,7.54,Snowy,Low,Afternoon,Bike,20,5.0,55,75
482,14.07,Clear,High,Afternoon,Bike,5,8.0,67,72
576,19.02,Clear,Medium,Afternoon,Bike,29,9.0,87,116
34,19.0,Clear,High,Morning,Car,28,3.0,96,124
32,3.83,Rainy,Medium,Afternoon,Bike,12,9.0,30,42
232,10.3,Clear,Low,Evening,Scooter,19,8.0,48,67
964,8.09,Clear,High,Afternoon,Scooter,15,4.0,51,66
193,18.06,Clear,Medium,Night,Bike,9,8.0,52,61
334,2.76,Windy,Medium,Morning,Scooter,8,5.0,22,30
4,12.17,Snowy,Low,Evening,Bike,20,8.0,68,88
205,12.33,Clear,Medium,Evening,Bike,22,9.0,75,97
515,1.38,Clear,Medium,Evening,Scooter,5,8.0,13,18
800,18.49,Clear,Low,Afternoon,Scooter,14,6.0,71,85
307,10.57,Snowy,Low,Afternoon,Bike,28,9.0,59,87
110,2.0,Clear,High,Evening,Scooter,10,2.0,30,40
431,3.29,Clear,Medium,Afternoon,Scooter,17,4.0,32,49
78,1.94,Rainy,Medium,Morning,Bike,16,0.0,35,51
85,6.56,Windy,Medium,Evening,Bike,14,1.0,47,61
287,9.58,Clear,High,Afternoon,Car,26,8.0,60,86
83,6.95,Clear,Medium,Morning,Scooter,25,2.0,58,83
992,14.05,Clear,High,Morning,Scooter,19,0.0,72,91
790,18.97,Rainy,High,Night,Bike,20,8.0,108,128
895,13.53,Rainy,Low,Evening,Bike,28,8.0,78,106
399,15.14,Rainy,Medium,Morning,Bike,8,6.0,66,74
324,5.96,Clear,Low,Afternoon,Bike,26,6.0,48,74
520,3.43,Windy,Medium,Morning,Bike,7,6.0,23,30
917,6.24,Clear,Medium,Evening,Bike,15,3.0,52,67
923,17.94,Rainy,High,Evening,Scooter,22,6.0,85,107
6,3.54,Rainy,Medium,Evening,Bike,10,5.0,32,42
732,16.38,Rainy,Medium,Night,Bike,7,5.0,90,97
466,7.81,Clear,Low,Evening,Bike,11,4.0,42,53
98,8.84,Clear,Medium,Morning,Bike,26,0.0,57,83
267,14.09,Clear,Medium,Afternoon,Scooter,12,3.0,55,67
358,11.92,Clear,Low,Afternoon,Scooter,14,4.0,46,60
869,17.3,Clear,Low,Evening,Scooter,9,0.0,67,76
799,14.08,Clear,High,Morning,Bike,28,6.0,66,94
381,2.8,Clear,High,Afternoon,Bike,28,1.0,50,78
632,17.96,Clear,Medium,Evening,Bike,22,2.0,76,98
382,14.09,Clear,High,Afternoon,Bike,12,6.0,67,79
491,9.39,Clear,Low,Morning,Bike,14,2.0,37,51
119,17.9,Clear,Low,Morning,Bike,23,5.0,85,108
901,4.55,Rainy,Low,Afternoon,Bike,5,6.0,21,26
251,6.24,Snowy,Low,Afternoon,Bike,20,4.0,51,71
524,16.92,Clear,Low,Morning,Scooter,29,0.0,70,99
10,14.31,Clear,Medium,Morning,Bike,9,8.0,47,56
197,14.66,Windy,Medium,Evening,Bike,20,2.0,77,97
604,2.23,Clear,Low,Morning,Bike,7,6.0,14,21
82,12.65,Clear,Low,Evening,Bike,15,4.0,66,81
784,7.24,Rainy,Medium,Evening,Bike,28,6.0,65,93
588,3.01,Clear,Medium,Evening,Bike,14,4.0,26,40
798,11.52,Clear,Medium,Morning,Scooter,25,2.0,58,83
240,3.95,Clear,Low,Afternoon,Bike,13,5.0,25,38
291,1.09,Clear,Medium,Morning,Scooter,6,2.0,17,23
212,13.99,Clear,High,Evening,Scooter,7,3.0,96,103
718,19.32,Rainy,High,Morning,Car,21,7.0,112,133
360,11.72,Rainy,Low,Evening,Bike,11,9.0,42,53
450,2.13,Rainy,Low,Morning,Scooter,9,2.0,22,31
228,8.17,Clear,Medium,Afternoon,Scooter,20,9.0,44,64
951,12.21,Clear,High,Morning,Bike,9,4.0,57,66
947,3.17,Clear,Medium,Evening,Scooter,17,6.0,33,50
797,18.68,Snowy,Low,Afternoon,Bike,11,8.0,62,73
502,10.95,Clear,Medium,Evening,Scooter,24,4.0,55,79
465,19.26,Windy,Medium,Morning,Scooter,21,6.0,67,88
363,9.44,Rainy,Medium,Evening,Scooter,28,8.0,63,91
469,4.86,Foggy,Medium,Evening,Car,25,4.0,52,77
936,5.81,Foggy,Low,Afternoon,Bike,25,8.0,51,76
429,7.34,Rainy,Low,Evening,Bike,22,8.0,47,69
8,17.39,Foggy,Medium,Morning,Bike,25,4.0,100,125
156,5.22,Snowy,Low,Evening,Bike,11,9.0,40,51
542,12.32,Clear,Medium,Evening,Scooter,17,4.0,71,88
441,2.15,Windy,Medium,Afternoon,Car,17,6.0,30,47
483,9.36,Rainy,High,Morning,Scooter,17,2.0,65,82
423,2.28,Clear,Medium,Evening,Scooter,27,9.0,39,66
779,14.54,Clear,Medium,Evening,Bike,29,2.0,73,102
950,12.15,Clear,High,Morning,Car,12,6.0,63,75
335,1.4,Windy,Low,Evening,Bike,9,9.0,17,26
577,3.37,Clear,High,Morning,Bike,9,5.0,28,37
935,3.85,Rainy,Medium,Afternoon,Bike,26,3.0,46,72
568,9.03,Clear,Low,Evening,Bike,11,5.0,43,54
595,17.99,Snowy,Low,Afternoon,Bike,15,3.0,63,78
531,16.35,Clear,Medium,Morning,Bike,16,0.0,66,82
582,19.61,Clear,High,Evening,Bike,8,6.0,72,80
708,16.29,Clear,Low,Morning,Bike,20,1.0,72,92
449,7.84,Windy,Low,Afternoon,Bike,6,4.0,28,34
454,18.17,Rainy,Low,Afternoon,Car,13,0.0,71,84
229,17.89,Windy,Low,Evening,Bike,27,1.0,101,128
353,13.34,Clear,Medium,Night,Bike,20,6.0,53,73
729,4.43,Foggy,Low,Morning,Scooter,10,1.0,63,73
213,13.21,Clear,Medium,Morning,Scooter,12,4.0,63,75
80,2.76,Windy,Medium,Night,Bike,6,2.0,27,33
149,1.5,Foggy,Medium,Evening,Scooter,15,4.0,32,47
303,11.04,Clear,Medium,Afternoon,Scooter,8,2.0,54,62
629,1.22,Clear,Medium,Evening,Scooter,6,4.0,14,20
778,14.58,Clear,Low,Afternoon,Bike,13,5.0,57,70
507,18.26,Rainy,High,Night,Scooter,28,7.0,93,121
343,3.88,Foggy,Low,Evening,Car,27,9.0,42,69
486,18.07,Clear,High,Afternoon,Scooter,5,2.0,67,72
712,12.11,Clear,Medium,Evening,Bike,28,0.0,75,103
134,7.08,Clear,Medium,Afternoon,Scooter,5,8.0,27,32
704,3.12,Rainy,Low,Evening,Scooter,14,5.0,28,42
312,2.03,Foggy,High,Evening,Car,14,4.0,36,50
723,1.8,Clear,Medium,Night,Bike,14,1.0,28,42
630,5.42,Clear,Low,Evening,Scooter,11,9.0,26,37
1,7.8,Clear,Low,Evening,Scooter,23,5.0,52,75
317,8.47,Rainy,Low,Afternoon,Scooter,19,0.0,48,67
707,6.79,Rainy,Low,Evening,Scooter,16,1.0,39,55
548,13.6,Rainy,Medium,Afternoon,Scooter,23,6.0,83,106
873,13.06,Rainy,High,Morning,Bike,17,8.0,59,76
533,19.93,Snowy,Low,Afternoon,Bike,6,6.0,59,65
478,11.3,Snowy,Medium,Afternoon,Bike,15,8.0,70,85
405,6.74,Rainy,Medium,Evening,Car,21,9.0,47,68
173,10.49,Rainy,Low,Morning,Bike,28,9.0,66,94
126,8.83,Clear,Medium,Evening,Scooter,12,3.0,109,121
395,7.15,Clear,High,Night,Car,29,7.0,60,89
421,15.94,Clear,Low,Evening,Bike,24,2.0,77,101
553,11.26,Foggy,High,Afternoon,Bike,14,2.0,70,84
904,11.87,Clear,Medium,Morning,Bike,10,6.0,43,53
91,2.83,Windy,Medium,Afternoon,Scooter,14,6.0,28,42
940,11.74,Clear,Low,Afternoon,Car,20,1.0,52,72
182,2.71,Clear,Low,Morning,Scooter,6,1.0,20,26
275,10.47,Clear,High,Evening,Scooter,14,7.0,55,69
896,4.5,Snowy,High,Evening,Bike,24,0.0,66,90
70,19.74,Clear,Low,Morning,Car,21,7.0,71,92
292,1.23,Clear,Low,Evening,Bike,18,6.0,21,39
132,4.83,Clear,Low,Evening,Bike,11,1.0,29,40
301,1.51,Clear,High,Afternoon,Bike,14,2.0,32,46
425,1.62,Windy,Low,Evening,Bike,9,8.0,16,25
327,11.31,Clear,High,Evening,Bike,20,0.0,67,87
145,6.05,Clear,Medium,Morning,Car,24,0.0,48,72
424,10.14,Clear,Medium,Morning,Scooter,20,1.0,59,79
581,9.45,Clear,Low,Afternoon,Car,13,0.0,49,62
136,6.8,Clear,High,Evening,Bike,28,5.0,55,83
451,15.65,Clear,Low,Afternoon,Bike,27,0.0,76,103
165,2.26,Clear,Medium,Morning,Scooter,6,3.0,19,25
29,12.05,Clear,Low,Evening,Scooter,29,4.0,61,90
774,8.25,Windy,Medium,Evening,Car,24,4.0,62,86
194,12.85,Rainy,Medium,Afternoon,Scooter,23,0.0,80,103
389,15.14,Windy,Medium,Morning,Bike,15,4.0,71,86
853,4.59,Foggy,Low,Evening,Scooter,19,8.0,36,55
170,12.02,Clear,Low,Afternoon,Bike,26,0.0,63,89
706,19.8,Clear,High,Evening,Bike,7,3.0,88,95
141,19.27,Foggy,High,Afternoon,Bike,14,6.0,92,106
174,4.92,Clear,High,Morning,Scooter,12,0.0,41,53
7,1.63,Rainy,Medium,Night,Bike,24,5.0,38,62
746,18.04,Clear,Medium,Morning,Bike,8,5.0,71,79
479,19.4,Snowy,Medium,Afternoon,Scooter,23,9.0,92,115
74,16.4,Clear,High,Morning,Scooter,12,2.0,70,82
911,12.01,Clear,Low,Morning,Car,5,7.0,42,47
814,18.46,Clear,Medium,Morning,Scooter,29,1.0,153,182
239,13.09,Windy,Low,Morning,Scooter,17,1.0,69,86
146,1.22,Foggy,High,Afternoon,Scooter,14,2.0,38,52
793,10.36,Rainy,Medium,Afternoon,Bike,7,8.0,39,46
235,4.31,Rainy,Medium,Afternoon,Bike,9,2.0,35,44
221,13.32,Windy,Medium,Afternoon,Bike,26,0.0,71,97
924,16.1,Clear,Low,Morning,Car,16,6.0,61,77
501,14.11,Rainy,High,Morning,Scooter,24,3.0,93,117
133,2.84,Clear,Medium,Night,Scooter,28,1.0,44,72
991,16.09,Snowy,Low,Morning,Car,13,6.0,69,82
775,16.05,Snowy,Medium,Evening,Bike,11,2.0,89,100
186,13.37,Windy,High,Afternoon,Scooter,17,8.0,63,80
42,10.16,Snowy,Medium,Night,Bike,10,1.0,67,77
697,6.13,Clear,Medium,Night,Scooter,22,0.0,48,70
109,4.96,Rainy,Low,Afternoon,Car,10,7.0,28,38
589,3.0,Clear,Low,Morning,Scooter,29,1.0,43,72
57,2.23,Snowy,Medium,Evening,Car,14,0.0,41,55
406,17.96,Clear,Medium,Evening,Scooter,26,0.0,74,100
443,7.8,Rainy,Medium,Morning,Bike,11,7.0,49,60
758,10.9,Clear,High,Afternoon,Scooter,6,8.0,47,53
998,3.17,Clear,Low,Afternoon,Bike,17,1.0,28,45
25,9.39,Windy,Medium,Morning,Scooter,21,9.0,50,71
468,17.44,Clear,Low,Evening,Bike,25,9.0,89,114
540,3.02,Rainy,Medium,Morning,Bike,23,1.0,46,69
532,19.99,Rainy,High,Evening,Bike,17,1.0,112,129
619,16.22,Rainy,High,Evening,Bike,22,0.0,102,124
695,2.74,Clear,High,Afternoon,Bike,18,9.0,37,55
927,5.74,Rainy,High,Evening,Bike,13,9.0,46,59
339,9.75,Clear,Low,Afternoon,Bike,22,7.0,50,72
52,15.62,Rainy,Medium,Afternoon,Scooter,23,7.0,78,101
508,16.54,Rainy,Medium,Afternoon,Bike,25,7.0,77,102
517,7.84,Rainy,Low,Morning,Scooter,7,8.0,36,43
921,17.44,Clear,Low,Night,Car,23,0.0,85,108
782,11.08,Windy,High,Afternoon,Bike,16,6.0,70,86
265,17.61,Clear,Medium,Evening,Scooter,21,9.0,79,100
818,8.28,Snowy,Low,Evening,Car,29,7.0,58,87
711,15.32,Clear,Medium,Morning,Bike,17,6.0,80,97
683,3.83,Rainy,Low,Evening,Car,27,3.0,49,76
833,3.25,Rainy,Medium,Evening,Scooter,29,0.0,51,80
519,19.75,Clear,Medium,Morning,Bike,25,1.0,103,128
448,15.19,Foggy,Low,Evening,Scooter,6,4.0,53,59
19,8.92,Windy,Medium,Morning,Bike,25,4.0,62,87
716,18.63,Windy,Low,Afternoon,Bike,11,5.0,85,96
484,12.74,Clear,Low,Night,Scooter,18,0.0,67,85
569,18.13,Rainy,High,Evening,Bike,21,2.0,88,109
434,2.47,Rainy,Low,Afternoon,Car,22,6.0,34,56
368,18.15,Windy,Medium,Morning,Bike,11,2.0,89,100
84,1.74,Foggy,High,Afternoon,Scooter,8,9.0,28,36
62,5.79,Windy,Medium,Morning,Bike,26,6.0,49,75
639,5.75,Windy,High,Morning,Scooter,7,4.0,37,44
273,17.41,Snowy,Medium,Evening,Bike,20,4.0,80,100
286,1.2,Rainy,Low,Morning,Scooter,24,7.0,33,57
361,8.07,Windy,Low,Evening,Bike,21,4.0,48,69
355,1.88,Clear,Medium,Morning,Scooter,24,7.0,35,59
457,0.72,Rainy,Medium,Afternoon,Scooter,9,2.0,23,32
279,14.19,Clear,Medium,Afternoon,Bike,9,1.0,57,66
13,16.73,Windy,High,Afternoon,Scooter,9,7.0,71,80
183,18.53,Rainy,Low,Afternoon,Scooter,8,8.0,57,65
369,4.32,Clear,Low,Morning,Bike,21,9.0,34,55
882,13.6,Foggy,High,Evening,Bike,9,7.0,61,70
616,18.46,Rainy,Low,Morning,Bike,19,9.0,94,113
224,7.67,Windy,Low,Morning,Car,9,2.0,31,40
573,8.23,Snowy,Low,Evening,Bike,17,3.0,56,73
971,13.44,Clear,Low,Night,Bike,29,0.0,63,92
654,15.04,Clear,Low,Morning,Car,24,5.0,60,84
546,7.48,Clear,Medium,Morning,Car,21,4.0,52,73
583,10.11,Rainy,Medium,Afternoon,Scooter,23,2.0,63,86
634,10.88,Snowy,Low,Afternoon,Car,13,3.0,52,65
177,13.97,Snowy,Low,Evening,Scooter,14,8.0,52,66
666,3.48,Foggy,Low,Afternoon,Scooter,9,1.0,31,40
674,10.73,Foggy,Low,Morning,Bike,6,6.0,35,41
586,5.18,Clear,Medium,Afternoon,Car,9,2.0,30,39
874,8.47,Foggy,Medium,Evening,Bike,24,0.0,68,92
394,15.64,Rainy,Low,Evening,Bike,20,4.0,141,161
164,10.95,Snowy,Medium,Afternoon,Bike,9,1.0,65,74
249,19.29,Windy,Medium,Evening,Scooter,7,8.0,84,91
635,2.59,Windy,Medium,Evening,Bike,13,5.0,28,41
886,3.98,Clear,High,Night,Car,19,3.0,41,60
670,6.06,Foggy,Low,Afternoon,Scooter,10,8.0,41,51
376,6.72,Foggy,Low,Evening,Bike,8,5.0,31,39
413,19.04,Clear,Medium,Morning,Scooter,27,2.0,85,112
75,14.28,Windy,High,Afternoon,Scooter,23,5.0,77,100
114,16.26,Rainy,High,Morning,Bike,16,6.0,70,86
599,4.25,Clear,Low,Afternoon,Bike,5,4.0,22,27
962,12.26,Clear,Low,Afternoon,Bike,20,2.0,66,86
391,19.81,Clear,Low,Afternoon,Bike,27,1.0,74,101
105,18.2,Windy,Medium,Morning,Bike,27,1.0,108,135
115,12.85,Rainy,Medium,Morning,Scooter,14,8.0,73,87
418,6.91,Clear,Low,Evening,Bike,27,8.0,91,118
526,9.64,Clear,Low,Morning,Bike,10,5.0,46,56
458,9.64,Rainy,Medium,Evening,Bike,14,6.0,52,66
410,2.28,Foggy,Medium,Morning,Scooter,27,6.0,44,71
93,15.34,Rainy,Low,Afternoon,Bike,18,6.0,54,72
931,3.22,Rainy,Medium,Night,Bike,14,8.0,34,48
90,9.71,Clear,Low,Morning,Bike,8,1.0,49,57
337,17.18,Clear,Medium,Night,Scooter,13,1.0,62,75
989,5.3,Clear,Medium,Afternoon,Scooter,29,3.0,47,76
922,10.0,Clear,Medium,Afternoon,Scooter,6,9.0,47,53
934,10.75,Rainy,Medium,Morning,Bike,8,6.0,60,68
606,9.49,Rainy,Medium,Morning,Car,23,6.0,53,76
594,7.24,Clear,Medium,Afternoon,Bike,28,7.0,57,85
612,16.09,Rainy,Low,Morning,Bike,21,8.0,66,87
95,15.53,Clear,Low,Morning,Bike,26,6.0,83,109
12,19.41,Windy,Low,Morning,Bike,11,8.0,62,73
397,17.24,Clear,Low,Evening,Bike,17,5.0,69,86
534,11.33,Clear,Low,Morning,Bike,25,3.0,60,85
44,18.23,Rainy,Low,Afternoon,Scooter,27,9.0,86,113
43,1.17,Clear,Medium,Morning,Bike,16,9.0,25,41
330,5.33,Clear,Low,Evening,Car,29,1.0,51,80
168,4.14,Rainy,Low,Morning,Bike,23,2.0,41,64
498,2.02,Clear,High,Evening,Bike,28,5.0,44,72
877,14.46,Rainy,Medium,Morning,Scooter,11,9.0,68,79
598,3.86,Clear,Medium,Afternoon,Bike,21,8.0,34,55
757,12.59,Windy,Medium,Morning,Bike,13,9.0,62,75
101,1.11,Clear,High,Morning,Scooter,22,8.0,35,57
427,9.11,Clear,Low,Afternoon,Bike,19,6.0,42,61
179,18.77,Snowy,Medium,Evening,Bike,24,0.0,115,139
445,16.35,Foggy,Medium,Night,Bike,16,6.0,67,83
417,6.22,Clear,Low,Afternoon,Bike,16,9.0,29,45
871,7.78,Foggy,High,Afternoon,Bike,25,3.0,74,99
883,0.88,Rainy,Low,Night,Car,27,2.0,37,64
681,16.43,Clear,Low,Evening,Bike,13,5.0,56,69
178,8.04,Clear,Medium,Evening,Car,27,0.0,65,92
396,18.65,Foggy,Low,Night,Car,19,2.0,68,87
912,5.73,Foggy,Low,Morning,Scooter,7,2.0,30,37
794,12.42,Rainy,Low,Evening,Bike,28,9.0,79,107
961,2.11,Clear,Low,Afternoon,Scooter,28,5.0,34,62
685,18.62,Clear,Low,Evening,Scooter,27,6.0,75,102
384,17.61,Clear,Medium,Morning,Scooter,19,3.0,80,99
957,10.62,Rainy,Medium,Night,Bike,7,2.0,48,55
752,18.83,Clear,Medium,Night,Bike,8,0.0,68,76
258,14.07,Clear,Medium,Morning,Bike,16,9.0,73,89
539,9.29,Clear,Medium,Evening,Bike,10,9.0,40,50
336,1.29,Rainy,Low,Evening,Bike,7,7.0,15,22
16,4.08,Windy,Medium,Afternoon,Bike,7,0.0,33,40
325,19.12,Windy,High,Evening,Car,8,0.0,92,100
759,17.93,Clear,Medium,Afternoon,Bike,29,4.0,85,114
223,2.33,Clear,Low,Morning,Car,6,1.0,17,23
180,3.18,Rainy,Medium,Evening,Bike,21,3.0,42,63
984,1.97,Clear,High,Morning,Car,28,7.0,43,71
23,6.2,Windy,High,Evening,Scooter,7,3.0,42,49
357,1.02,Windy,High,Evening,Bike,6,8.0,21,27
667,5.3,Clear,Low,Evening,Bike,16,5.0,32,48
862,9.34,Rainy,Low,Evening,Car,10,0.0,40,50
341,10.09,Clear,Medium,Evening,Bike,7,0.0,49,56
432,15.35,Rainy,High,Night,Scooter,23,9.0,80,103
552,17.12,Rainy,Low,Morning,Bike,26,3.0,86,112
834,3.94,Snowy,Low,Afternoon,Bike,19,3.0,43,62
204,18.02,Clear,Low,Evening,Car,12,3.0,77,89
631,14.41,Snowy,Medium,Evening,Bike,8,8.0,75,83
94,11.44,Rainy,Medium,Evening,Car,20,2.0,57,77
559,15.23,Foggy,Low,Morning,Car,6,0.0,52,58
69,1.95,Clear,Low,Morning,Scooter,16,2.0,23,39
623,7.72,Rainy,Medium,Morning,Bike,11,5.0,36,47
285,11.78,Clear,Low,Afternoon,Scooter,26,3.0,71,97
845,3.4,Windy,Medium,Morning,Bike,11,6.0,30,41
435,2.14,Clear,High,Evening,Bike,18,3.0,34,52
154,10.04,Rainy,High,Afternoon,Bike,12,9.0,59,71
76,14.72,Clear,Medium,Evening,Scooter,15,8.0,80,95
731,3.7,Clear,Medium,Morning,Bike,28,7.0,45,73
447,19.73,Rainy,Low,Evening,Bike,8,8.0,64,72
189,10.83,Clear,Medium,Evening,Scooter,8,9.0,51,59
272,16.3,Foggy,Low,Morning,Car,12,1.0,100,112
237,5.98,Foggy,High,Morning,Bike,14,6.0,44,58
488,5.98,Rainy,High,Morning,Bike,21,2.0,60,81
118,4.14,Foggy,Medium,Morning,Bike,21,0.0,46,67
944,16.68,Clear,Medium,Afternoon,Bike,9,9.0,63,72
513,18.69,Windy,Medium,Night,Bike,23,9.0,74,97
826,18.44,Rainy,High,Morning,Bike,27,7.0,80,107
592,13.0,Windy,High,Morning,Bike,22,8.0,65,87
127,16.45,Clear,Medium,Evening,Scooter,25,3.0,87,112
117,16.17,Clear,Medium,Evening,Car,10,2.0,116,126
474,17.88,Clear,Medium,Evening,Bike,29,3.0,98,127
694,5.23,Clear,Medium,Morning,Scooter,19,4.0,37,56
58,4.32,Clear,Medium,Morning,Bike,17,4.0,36,53
864,9.09,Rainy,Medium,Morning,Bike,6,7.0,43,49
913,12.67,Windy,Medium,Morning,Scooter,7,3.0,43,50
370,1.85,Clear,Medium,Evening,Bike,10,1.0,24,34
269,7.51,Rainy,Low,Evening,Car,27,6.0,50,77
47,6.58,Clear,Low,Afternoon,Bike,13,1.0,34,47
350,12.7,Clear,Low,Morning,Scooter,22,2.0,57,79
196,7.31,Foggy,Medium,Afternoon,Bike,26,2.0,65,91
1000,9.2,Clear,High,Morning,Scooter,9,9.0,48,57
835,10.22,Foggy,Low,Afternoon,Scooter,21,0.0,61,82
737,8.15,Clear,High,Evening,Scooter,12,9.0,43,55
264,10.61,Clear,Medium,Morning,Bike,17,0.0,59,76
444,7.73,Clear,High,Night,Bike,29,5.0,58,87
676,19.66,Clear,Low,Morning,Car,19,6.0,70,89
305,14.66,Snowy,High,Morning,Car,5,6.0,71,76
342,9.73,Clear,Low,Afternoon,Bike,29,6.0,60,89
967,14.52,Clear,Medium,Afternoon,Car,26,5.0,86,112
150,5.93,Foggy,High,Morning,Scooter,27,1.0,106,133
125,4.94,Rainy,High,Evening,Scooter,28,4.0,63,91
787,11.88,Rainy,High,Afternoon,Car,29,9.0,78,107
51,19.41,Foggy,Medium,Morning,Car,7,6.0,66,73
354,3.68,Clear,High,Afternoon,Car,16,6.0,47,63
928,11.06,Clear,High,Evening,Bike,6,9.0,53,59
143,10.2,Rainy,Medium,Afternoon,Bike,18,9.0,56,74
471,0.74,Rainy,Low,Morning,Car,13,4.0,21,34
400,15.21,Snowy,Medium,Afternoon,Bike,20,9.0,90,110
626,7.69,Rainy,High,Morning,Scooter,16,3.0,58,74
321,11.21,Clear,High,Afternoon,Scooter,23,1.0,76,99
20,6.18,Clear,Medium,Evening,Bike,9,9.0,35,44
810,2.71,Clear,Medium,Morning,Car,6,5.0,19,25
791,3.49,Clear,Medium,Morning,Bike,17,2.0,38,55
809,9.29,Clear,Medium,Morning,Bike,17,2.0,49,66
408,0.71,Foggy,Low,Night,Bike,29,1.0,41,70
538,5.32,Rainy,Low,Afternoon,Scooter,27,2.0,48,75
621,4.1,Clear,Medium,Evening,Car,18,3.0,38,56
39,13.84,Clear,Low,Morning,Scooter,18,4.0,64,82
176,3.9,Rainy,High,Morning,Car,25,9.0,54,79
246,18.6,Rainy,Medium,Morning,Car,28,9.0,77,105
829,14.88,Snowy,Medium,Evening,Bike,10,0.0,64,74
668,3.63,Windy,Medium,Morning,Car,22,9.0,39,61
755,3.22,Windy,High,Morning,Car,7,7.0,27,34
859,11.51,Foggy,Low,Afternoon,Car,5,7.0,57,62
155,19.72,Rainy,Low,Afternoon,Bike,27,6.0,109,136
288,11.08,Clear,Low,Evening,Scooter,28,2.0,58,86
603,3.95,Clear,Medium,Morning,Car,28,5.0,47,75
570,7.29,Clear,High,Evening,Car,11,7.0,48,59
744,10.3,Clear,Low,Morning,Car,12,7.0,41,53
18,10.73,Rainy,High,Afternoon,Car,27,6.0,83,110
128,17.28,Clear,Low,Morning,Car,28,3.0,72,100
323,13.37,Foggy,Medium,Evening,Scooter,16,9.0,71,87
256,11.36,Clear,Medium,Morning,Scooter,8,2.0,52,60
658,7.58,Clear,High,Afternoon,Scooter,19,9.0,57,76
965,6.13,Rainy,High,Evening,Bike,25,6.0,59,84
191,2.32,Clear,Low,Afternoon,Scooter,23,1.0,32,55
116,17.49,Rainy,Low,Evening,Bike,27,9.0,97,124
617,1.69,Windy,Low,Afternoon,Car,11,7.0,20,31
607,4.52,Clear,Low,Evening,Car,17,0.0,71,88
181,7.15,Windy,Low,Morning,Bike,15,3.0,42,57
302,10.86,Windy,Medium,Morning,Car,10,4.0,60,70
760,15.88,Rainy,Low,Evening,Car,17,1.0,68,85
713,9.7,Snowy,Low,Evening,Bike,6,5.0,45,51
724,14.95,Clear,Medium,Morning,Bike,13,7.0,49,62
686,11.36,Foggy,Low,Afternoon,Bike,6,4.0,47,53
980,12.14,Foggy,High,Afternoon,Bike,12,0.0,65,77
518,16.31,Foggy,Medium,Afternoon,Car,14,7.0,71,85
985,14.7,Clear,Medium,Evening,Scooter,24,5.0,75,99
46,13.42,Rainy,Medium,Evening,Bike,6,6.0,105,111
910,7.9,Clear,Low,Afternoon,Scooter,22,4.0,48,70
158,15.35,Foggy,Low,Morning,Car,5,3.0,56,61
852,15.12,Foggy,Low,Morning,Bike,14,1.0,58,72
172,0.82,Windy,Low,Morning,Car,18,9.0,23,41
17,6.43,Clear,Low,Evening,Car,9,7.0,26,35
512,8.66,Snowy,High,Morning,Bike,29,3.0,77,106
49,11.16,Foggy,Medium,Afternoon,Car,21,4.0,77,98
972,18.77,Foggy,Low,Afternoon,Car,15,4.0,71,86
941,5.84,Clear,Medium,Evening,Bike,21,7.0,35,56
516,1.01,Clear,High,Night,Bike,17,7.0,29,46
953,3.92,Rainy,Medium,Night,Bike,20,9.0,41,61
481,12.77,Foggy,Low,Morning,Bike,22,8.0,71,93
284,2.33,Clear,Low,Evening,Bike,9,2.0,18,27
719,2.92,Windy,High,Afternoon,Bike,24,4.0,48,72
878,13.35,Rainy,Low,Evening,Scooter,14,4.0,91,105
226,5.26,Rainy,Medium,Evening,Scooter,28,8.0,51,79
27,4.39,Foggy,Medium,Night,Bike,12,8.0,38,50
955,8.67,Windy,High,Morning,Bike,20,4.0,55,75
438,16.53,Snowy,Low,Afternoon,Scooter,24,9.0,99,123
952,13.47,Clear,Medium,Evening,Bike,19,4.0,59,78
365,18.86,Snowy,Medium,Night,Bike,18,1.0,89,107
230,12.81,Clear,Low,Morning,Bike,12,2.0,51,63
38,2.4,Snowy,Low,Night,Scooter,27,5.0,42,69
966,7.44,Rainy,Medium,Evening,Bike,6,1.0,39,45
375,1.89,Clear,Medium,Evening,Scooter,13,7.0,22,35
470,19.28,Snowy,Medium,Morning,Car,21,3.0,101,122
968,6.29,Clear,Medium,Morning,Scooter,10,7.0,27,37
851,1.81,Clear,Medium,Afternoon,Car,23,3.0,34,57
705,1.74,Clear,Medium,Night,Bike,23,2.0,34,57
842,13.44,Clear,Medium,Morning,Car,22,1.0,79,101
195,7.11,Clear,Low,Afternoon,Scooter,27,4.0,48,75
855,4.5,Windy,Low,Evening,Scooter,20,6.0,32,52
865,8.31,Windy,Medium,Morning,Bike,6,5.0,44,50
504,16.37,Clear,High,Morning,Bike,26,7.0,97,123
970,9.78,Clear,Medium,Afternoon,Bike,18,3.0,58,76
831,4.88,Windy,Medium,Afternoon,Scooter,26,7.0,48,74
580,5.54,Rainy,Medium,Morning,Scooter,28,9.0,51,79
969,11.54,Clear,High,Afternoon,Car,10,0.0,56,66
163,12.85,Clear,Low,Afternoon,Scooter,5,4.0,54,59
909,5.56,Clear,Low,Afternoon,Scooter,19,5.0,31,50
153,3.33,Clear,Medium,Evening,Scooter,24,2.0,44,68
802,3.47,Snowy,High,Night,Bike,24,9.0,53,77
994,12.01,Clear,Low,Morning,Scooter,26,6.0,57,83
756,15.98,Foggy,Low,Morning,Car,21,6.0,90,111
112,3.64,Clear,Low,Morning,Scooter,16,3.0,26,42
227,19.47,Clear,Low,Morning,Bike,16,8.0,83,99
689,15.51,Rainy,Medium,Morning,Scooter,10,8.0,81,91
104,10.42,Windy,Medium,Afternoon,Bike,28,3.0,72,100
422,15.9,Rainy,Low,Evening,Car,19,5.0,78,97
420,15.17,Windy,Low,Morning,Bike,25,4.0,77,102
751,2.78,Rainy,Low,Evening,Bike,21,4.0,37,58
587,1.98,Rainy,Low,Afternoon,Bike,22,0.0,39,61
781,14.03,Clear,Low,Afternoon,Bike,17,2.0,65,82
673,2.06,Foggy,Medium,Evening,Scooter,22,4.0,40,62
120,11.02,Clear,High,Morning,Scooter,22,2.0,70,92
54,17.95,Snowy,High,Morning,Scooter,16,4.0,96,112
152,5.17,Foggy,Low,Morning,Bike,29,0.0,56,85
404,16.62,Snowy,Low,Afternoon,Bike,26,8.0,94,120
946,0.71,Rainy,Low,Morning,Car,25,8.0,31,56
208,13.44,Clear,Medium,Evening,Scooter,9,5.0,55,64
659,13.1,Clear,Low,Evening,Bike,28,2.0,72,100
844,19.24,Rainy,High,Afternoon,Bike,9,7.0,75,84
763,5.35,Clear,Medium,Afternoon,Scooter,24,6.0,43,67
9,12.22,Clear,Low,Evening,Scooter,15,0.0,56,71
808,18.55,Clear,Low,Afternoon,Car,11,9.0,69,80
37,6.44,Clear,Low,Afternoon,Car,18,2.0,43,61
453,8.77,Foggy,Medium,Evening,Car,14,7.0,49,63
652,10.97,Clear,Low,Afternoon,Scooter,27,3.0,51,78
254,6.68,Clear,High,Morning,Scooter,10,5.0,44,54
304,12.93,Rainy,Low,Afternoon,Scooter,25,0.0,61,86
747,7.99,Clear,Medium,Evening,Bike,18,4.0,42,60
572,15.78,Clear,High,Afternoon,Scooter,12,1.0,68,80
624,9.95,Windy,High,Evening,Scooter,21,5.0,72,93
733,13.47,Rainy,Low,Afternoon,Scooter,7,6.0,46,53
892,17.19,Clear,Medium,Afternoon,Bike,11,8.0,76,87
263,3.23,Clear,High,Afternoon,Bike,17,9.0,33,50
611,1.27,Foggy,High,Afternoon,Bike,25,9.0,46,71
298,4.71,Clear,Low,Morning,Bike,20,6.0,31,51
415,12.82,Rainy,Medium,Evening,Bike,28,9.0,72,100
151,18.21,Clear,Low,Evening,Bike,6,3.0,74,80
789,9.51,Clear,High,Morning,Bike,26,9.0,63,89
641,0.89,Rainy,Low,Morning,Car,9,0.0,20,29
890,5.24,Windy,High,Afternoon,Scooter,26,8.0,51,77
551,10.64,Windy,Low,Evening,Car,11,9.0,36,47
887,13.23,Clear,Medium,Night,Bike,20,8.0,70,90
489,19.03,Clear,Medium,Morning,Scooter,8,8.0,65,73
148,10.3,Rainy,Low,Evening,Bike,29,0.0,73,102
147,12.39,Snowy,Medium,Evening,Bike,14,8.0,56,70
721,18.8,Clear,High,Afternoon,Bike,23,7.0,95,118
932,16.78,Rainy,Medium,Morning,Bike,22,1.0,70,92
740,7.85,Clear,Low,Afternoon,Scooter,7,9.0,34,41
660,11.63,Clear,Medium,Night,Scooter,29,7.0,57,86
349,7.8,Windy,Medium,Afternoon,Car,17,6.0,44,61
464,11.88,Rainy,Medium,Afternoon,Bike,5,1.0,63,68
326,14.89,Clear,High,Evening,Car,22,9.0,88,110
187,16.44,Rainy,High,Afternoon,Bike,12,5.0,86,98
124,2.65,Clear,Medium,Afternoon,Car,14,4.0,35,49
854,18.01,Foggy,High,Night,Bike,14,2.0,71,85
609,10.32,Clear,Medium,Night,Car,24,5.0,49,73
144,6.37,Rainy,Low,Afternoon,Car,29,4.0,56,85
959,3.74,Rainy,Low,Morning,Bike,19,6.0,36,55
198,17.99,Windy,High,Evening,Bike,5,1.0,73,78
610,13.96,Rainy,Low,Night,Bike,5,1.0,42,47
280,16.02,Clear,Low,Evening,Bike,20,7.0,61,81
294,7.52,Clear,Medium,Afternoon,Car,17,9.0,44,61
401,2.51,Clear,Low,Morning,Bike,16,2.0,28,44
123,6.7,Foggy,High,Morning,Scooter,23,3.0,59,82
184,17.61,Windy,Low,Morning,Bike,5,8.0,61,66
203,3.65,Clear,Medium,Morning,Bike,29,9.0,46,75
439,14.27,Clear,Medium,Night,Car,24,3.0,77,101
247,8.85,Clear,Low,Afternoon,Bike,11,9.0,45,56
416,9.24,Windy,Medium,Afternoon,Bike,8,2.0,49,57
933,19.7,Rainy,Low,Evening,Car,16,6.0,66,82
766,11.61,Clear,High,Morning,Car,19,1.0,67,86
907,16.44,Windy,High,Afternoon,Car,8,0.0,80,88
836,8.67,Rainy,High,Afternoon,Bike,12,7.0,104,116
888,5.14,Clear,Medium,Evening,Scooter,23,7.0,43,66
130,10.46,Clear,Medium,Evening,Bike,25,3.0,68,93
638,5.23,Clear,Medium,Morning,Scooter,23,2.0,47,70
403,10.35,Clear,Medium,Night,Bike,7,9.0,48,55
785,4.04,Rainy,High,Evening,Bike,14,6.0,39,53
771,2.66,Clear,Low,Afternoon,Bike,16,8.0,21,37
736,17.61,Foggy,Medium,Afternoon,Bike,9,5.0,74,83
914,8.48,Clear,High,Night,Bike,11,5.0,39,50
220,17.06,Clear,Low,Evening,Bike,9,9.0,66,75
642,6.78,Foggy,Low,Night,Bike,18,6.0,42,60
916,9.0,Snowy,Medium,Afternoon,Car,29,3.0,78,107
753,12.74,Clear,Low,Afternoon,Scooter,12,0.0,63,75
807,18.72,Rainy,Medium,Afternoon,Bike,17,0.0,89,106
920,3.23,Clear,Low,Evening,Bike,7,7.0,14,21
625,12.56,Clear,Low,Morning,Car,22,8.0,49,71
875,1.0,Snowy,Medium,Morning,Bike,28,0.0,51,79
761,3.46,Clear,Low,Morning,Bike,24,6.0,37,61
387,6.0,Snowy,Low,Morning,Car,20,8.0,53,73
973,14.79,Clear,Medium,Morning,Scooter,12,9.0,64,76
510,14.65,Snowy,High,Morning,Car,19,3.0,95,114
268,14.2,Clear,Medium,Afternoon,Bike,17,1.0,73,90
820,7.04,Clear,Low,Afternoon,Bike,11,8.0,38,49
442,19.74,Clear,Low,Afternoon,Car,16,1.0,98,114
497,11.88,Rainy,Medium,Evening,Bike,20,8.0,69,89
113,18.63,Clear,Low,Evening,Bike,26,8.0,75,101
692,8.8,Rainy,Medium,Afternoon,Bike,6,2.0,38,44
233,11.75,Clear,High,Morning,Bike,9,2.0,55,64
870,18.95,Snowy,Low,Morning,Car,27,0.0,92,119
608,7.6,Foggy,Low,Morning,Bike,16,4.0,48,64
672,17.99,Foggy,Low,Morning,Car,11,2.0,84,95
374,13.82,Clear,Medium,Evening,Bike,21,9.0,72,93
982,15.53,Foggy,Low,Evening,Bike,26,7.0,68,94
843,3.97,Clear,High,Afternoon,Bike,19,8.0,40,59
234,10.1,Clear,High,Morning,Car,17,6.0,55,72
786,18.21,Foggy,Low,Morning,Bike,5,1.0,70,75
677,2.68,Clear,Low,Morning,Bike,16,8.0,25,41
318,3.88,Snowy,Low,Morning,Bike,9,6.0,33,42
649,15.89,Snowy,Medium,Afternoon,Car,15,9.0,91,106
411,6.73,Clear,Medium,Afternoon,Bike,21,1.0,54,75
899,0.75,Clear,Medium,Afternoon,Bike,10,5.0,16,26
710,13.79,Rainy,Low,Night,Scooter,11,0.0,69,80
359,18.83,Clear,Medium,Evening,Scooter,5,8.0,69,74
259,11.62,Clear,Low,Afternoon,Bike,9,8.0,33,42
745,5.03,Clear,Medium,Morning,Bike,17,5.0,38,55
628,15.08,Rainy,Medium,Evening,Scooter,26,1.0,94,120
633,10.48,Rainy,Low,Afternoon,Car,10,7.0,45,55
283,7.82,Rainy,Medium,Evening,Bike,16,8.0,45,61
377,16.98,Clear,Low,Evening,Bike,11,6.0,78,89
385,14.83,Rainy,Low,Morning,Car,19,4.0,126,145
225,5.67,Clear,Low,Morning,Scooter,11,9.0,27,38
954,18.33,Snowy,Medium,Morning,Scooter,5,5.0,67,72
815,17.46,Clear,Medium,Morning,Scooter,6,4.0,62,68
473,1.34,Foggy,High,Evening,Bike,9,5.0,30,39
348,1.38,Clear,Low,Morning,Scooter,13,9.0,17,30
506,3.67,Clear,Low,Evening,Bike,9,0.0,26,35
640,7.86,Windy,Medium,Morning,Car,22,2.0,55,77
988,8.98,Clear,Medium,Afternoon,Scooter,22,8.0,105,127
929,12.85,Rainy,Medium,Evening,Scooter,6,7.0,61,67
906,17.91,Clear,Low,Afternoon,Bike,6,7.0,68,74
620,15.09,Snowy,Low,Morning,Car,20,7.0,68,88
856,4.22,Clear,Medium,Morning,Bike,16,7.0,35,51
804,12.33,Clear,High,Night,Bike,7,2.0,101,108
646,17.87,Snowy,Low,Morning,Scooter,29,4.0,87,116
847,2.16,Clear,Medium,Night,Car,10,1.0,23,33
557,3.11,Rainy,Medium,Morning,Scooter,21,1.0,43,64
958,1.42,Clear,High,Afternoon,Scooter,24,2.0,40,64
578,18.57,Rainy,Medium,Afternoon,Bike,16,7.0,89,105
796,17.51,Clear,Medium,Evening,Bike,15,3.0,60,75
86,6.84,Clear,Medium,Evening,Bike,25,1.0,51,76
243,18.34,Snowy,Medium,Afternoon,Scooter,22,4.0,91,113
699,3.51,Windy,Medium,Night,Bike,22,2.0,44,66
160,14.7,Clear,Medium,Morning,Scooter,6,2.0,58,64
525,16.85,Clear,High,Morning,Car,17,4.0,71,88
36,16.26,Rainy,Low,Morning,Car,27,5.0,66,93
541,19.1,Snowy,Medium,Morning,Bike,25,6.0,90,115
171,13.71,Rainy,Medium,Evening,Bike,22,9.0,64,86
655,8.92,Clear,Medium,Evening,Bike,10,1.0,51,61
891,14.58,Clear,Low,Evening,Bike,23,0.0,70,93
858,9.71,Clear,Low,Afternoon,Car,27,5.0,61,88
848,19.94,Clear,Low,Afternoon,Bike,26,6.0,83,109
945,4.53,Snowy,Medium,Morning,Scooter,18,4.0,49,67
734,10.7,Clear,High,Afternoon,Car,8,4.0,57,65
96,10.13,Clear,Medium,Evening,Bike,22,0.0,65,87
564,0.78,Clear,Low,Afternoon,Bike,11,0.0,18,29
241,18.84,Foggy,Medium,Afternoon,Scooter,25,8.0,88,113
743,15.08,Snowy,Low,Evening,Bike,29,7.0,84,113
575,17.32,Clear,Low,Evening,Scooter,10,3.0,77,87
691,6.81,Clear,Medium,Evening,Bike,23,2.0,47,70
461,2.79,Clear,High,Morning,Bike,23,7.0,38,61
554,11.44,Foggy,High,Afternoon,Car,14,4.0,74,88
889,2.44,Snowy,High,Evening,Bike,13,9.0,39,52
207,2.48,Rainy,Low,Evening,Scooter,20,8.0,30,50
393,7.75,Clear,Medium,Evening,Scooter,21,1.0,55,76
795,0.85,Clear,Medium,Morning,Bike,9,8.0,17,26
398,8.87,Clear,Low,Evening,Bike,19,3.0,55,74
767,15.37,Snowy,Medium,Afternoon,Car,15,5.0,66,81
849,10.29,Foggy,Medium,Evening,Scooter,25,4.0,67,92
218,15.06,Rainy,Low,Morning,Bike,22,4.0,65,87
5,3.54,Foggy,Low,Evening,Bike,23,7.0,37,60
769,7.17,Clear,Medium,Morning,Scooter,7,9.0,29,36
643,4.62,Rainy,Medium,Afternoon,Car,8,3.0,33,41
930,5.53,Clear,Low,Morning,Car,10,8.0,27,37
613,12.74,Rainy,Low,Afternoon,Bike,17,9.0,63,80
739,9.06,Clear,High,Evening,Bike,26,3.0,61,87
547,2.71,Foggy,Low,Morning,Bike,6,0.0,28,34
726,16.92,Clear,Low,Night,Bike,23,5.0,78,101
684,13.54,Foggy,Low,Morning,Bike,11,1.0,54,65
99,1.0,Snowy,Medium,Morning,Bike,25,4.0,44,69
805,8.77,Clear,Medium,Morning,Car,12,2.0,42,54
728,16.01,Windy,Low,Morning,Car,28,0.0,84,112
574,12.63,Foggy,Medium,Night,Scooter,8,8.0,49,57
407,8.09,Foggy,Low,Evening,Car,22,2.0,56,78
503,6.54,Clear,Medium,Night,Bike,10,7.0,39,49
48,10.64,Clear,Medium,Afternoon,Scooter,14,5.0,45,59
33,1.77,Clear,Medium,Evening,Bike,14,9.0,22,36
780,13.0,Foggy,Low,Evening,Bike,25,7.0,77,102
840,12.83,Clear,Low,Evening,Bike,5,8.0,50,55
201,13.02,Snowy,High,Afternoon,Car,6,9.0,65,71
135,18.89,Rainy,Medium,Morning,Scooter,22,1.0,74,96
28,10.53,Foggy,High,Evening,Bike,25,8.0,72,97
881,5.01,Rainy,Low,Afternoon,Bike,10,5.0,31,41
231,16.0,Foggy,Medium,Afternoon,Scooter,13,3.0,65,78
490,17.86,Clear,Low,Afternoon,Scooter,16,8.0,83,99
773,2.99,Foggy,High,Afternoon,Bike,9,5.0,90,99
379,16.38,Clear,Medium,Morning,Bike,6,2.0,51,57
289,6.09,Clear,Medium,Night,Bike,7,4.0,27,34
419,13.61,Clear,Low,Morning,Bike,26,0.0,66,92
675,8.5,Snowy,High,Evening,Bike,14,7.0,56,70
392,8.55,Clear,Low,Evening,Scooter,28,8.0,46,74
593,4.05,Clear,Medium,Afternoon,Scooter,21,5.0,39,60
499,19.5,Clear,High,Morning,Bike,18,2.0,73,91
139,7.59,Clear,Medium,Afternoon,Scooter,16,3.0,37,53
63,16.66,Snowy,High,Afternoon,Scooter,29,7.0,95,124
472,19.41,Snowy,High,Evening,Car,21,3.0,100,121
648,13.74,Foggy,Medium,Afternoon,Bike,6,1.0,56,62
129,0.64,Clear,High,Night,Bike,10,3.0,24,34
977,12.1,Clear,High,Afternoon,Bike,11,0.0,53,64
521,12.09,Clear,Medium,Morning,Car,13,1.0,60,73
839,11.82,Windy,Medium,Night,Bike,24,7.0,77,101
963,5.28,Foggy,Low,Morning,Bike,27,6.0,53,80
65,5.98,Clear,Low,Evening,Car,22,9.0,35,57
813,2.93,Clear,Medium,Morning,Bike,24,8.0,94,118
15,4.05,Snowy,Medium,Evening,Scooter,19,2.0,50,69
157,13.61,Clear,Low,Morning,Scooter,12,2.0,43,55
41,2.88,Rainy,Low,Morning,Car,16,4.0,41,57
493,5.91,Clear,Medium,Evening,Scooter,29,4.0,57,86
380,6.0,Rainy,Medium,Evening,Scooter,21,2.0,47,68
188,11.33,Clear,Medium,Afternoon,Scooter,29,7.0,77,106
764,15.01,Clear,Medium,Morning,Bike,15,6.0,64,79
217,6.85,Clear,High,Morning,Bike,16,5.0,48,64
792,11.93,Snowy,High,Morning,Car,7,1.0,75,82
53,18.82,Windy,Low,Morning,Car,5,3.0,77,82
879,1.03,Clear,Medium,Afternoon,Bike,19,4.0,29,48
338,14.22,Rainy,Low,Evening,Car,25,8.0,84,109
749,18.18,Snowy,High,Evening,Bike,17,3.0,85,102
720,14.75,Clear,Low,Morning,Car,10,7.0,62,72
725,11.7,Rainy,Low,Afternoon,Bike,17,5.0,60,77
296,10.68,Clear,Low,Morning,Bike,14,1.0,42,56
702,1.51,Clear,High,Evening,Bike,26,1.0,44,70
252,8.01,Clear,High,Morning,Bike,8,6.0,48,56
727,3.23,Rainy,Low,Morning,Car,25,7.0,42,67
462,13.16,Rainy,High,Morning,Scooter,25,8.0,68,93
456,10.11,Windy,Low,Morning,Bike,11,4.0,44,55
997,18.39,Windy,Low,Afternoon,Bike,24,6.0,74,98
816,10.62,Windy,Medium,Afternoon,Car,22,5.0,54,76
863,10.73,Clear,Medium,Afternoon,Bike,7,5.0,57,64
270,6.23,Clear,Medium,Evening,Car,20,1.0,51,71
202,2.14,Clear,Low,Afternoon,Bike,25,1.0,36,61
162,12.83,Clear,Medium,Morning,Bike,19,2.0,76,95
556,8.37,Clear,High,Evening,Scooter,13,7.0,42,55
730,3.69,Rainy,Medium,Afternoon,Bike,8,8.0,27,35
402,18.1,Clear,Low,Morning,Scooter,8,5.0,77,85
703,7.06,Clear,Low,Afternoon,Scooter,26,5.0,51,77
477,1.94,Foggy,Low,Night,Bike,10,1.0,25,35
822,0.59,Clear,Low,Afternoon,Bike,21,0.0,27,48
772,17.01,Snowy,Low,Night,Bike,28,6.0,97,125
106,5.36,Clear,Low,Afternoon,Scooter,11,4.0,30,41
566,12.0,Clear,Low,Evening,Car,25,0.0,75,100
390,16.23,Clear,Medium,Evening,Bike,6,0.0,54,60
2,19.04,Rainy,Low,Evening,Car,12,6.0,60,72
938,18.33,Foggy,Medium,Morning,Scooter,19,0.0,98,117
983,2.58,Clear,Medium,Morning,Scooter,25,7.0,37,62
562,4.65,Clear,Medium,Evening,Bike,21,1.0,46,67
81,17.33,Snowy,Low,Evening,Scooter,12,3.0,79,91
206,0.68,Snowy,High,Evening,Bike,29,8.0,50,79
35,19.33,Clear,Medium,Morning,Bike,7,8.0,73,80
776,3.42,Clear,Medium,Night,Car,11,9.0,24,35
509,19.02,Rainy,High,Evening,Scooter,22,1.0,106,128
428,17.81,Windy,High,Evening,Bike,21,4.0,122,143
455,2.67,Clear,Medium,Night,Car,17,6.0,28,45
367,19.24,Snowy,Low,Evening,Bike,26,1.0,114,140
92,14.41,Rainy,Medium,Night,Bike,16,6.0,85,101
340,2.41,Clear,Medium,Evening,Bike,15,9.0,25,40
898,17.98,Clear,Low,Evening,Bike,5,8.0,45,50
565,7.34,Foggy,Medium,Afternoon,Bike,22,5.0,93,115
346,12.51,Clear,Medium,Evening,Bike,18,5.0,62,80
777,4.97,Rainy,Low,Evening,Bike,17,9.0,34,51
242,19.1,Snowy,Low,Afternoon,Bike,18,1.0,101,119
14,4.64,Clear,Low,Afternoon,Bike,15,9.0,24,39
316,14.07,Rainy,Low,Evening,Bike,10,5.0,63,73
601,3.79,Clear,Medium,Morning,Bike,13,2.0,34,47
388,3.96,Clear,Medium,Afternoon,Bike,23,5.0,44,67
274,18.31,Clear,Medium,Afternoon,Bike,25,3.0,79,104
167,6.76,Foggy,Medium,Night,Bike,7,6.0,42,49
841,0.76,Clear,Low,Afternoon,Car,26,9.0,28,54
993,5.81,Rainy,Medium,Evening,Bike,14,8.0,41,55
647,12.08,Clear,High,Afternoon,Scooter,16,4.0,60,76
819,1.57,Rainy,Low,Evening,Car,16,1.0,30,46
485,11.89,Clear,Medium,Afternoon,Bike,28,0.0,79,107
981,7.02,Clear,Medium,Evening,Car,23,2.0,53,76
505,13.85,Clear,Low,Evening,Bike,29,5.0,71,100
832,9.32,Rainy,Medium,Evening,Scooter,24,2.0,71,95
244,7.72,Foggy,High,Evening,Bike,19,4.0,64,83
567,8.15,Rainy,Low,Afternoon,Bike,26,2.0,50,76
876,3.54,Rainy,Medium,Afternoon,Scooter,17,4.0,41,58
563,3.16,Snowy,Low,Morning,Car,9,4.0,27,36
687,11.65,Windy,Low,Night,Bike,10,3.0,53,63
190,5.22,Snowy,Medium,Morning,Scooter,14,3.0,43,57
783,5.41,Clear,High,Morning,Scooter,17,6.0,38,55
700,9.88,Rainy,Medium,Morning,Car,7,0.0,43,50
476,19.86,Rainy,High,Evening,Bike,12,8.0,71,83
682,5.53,Windy,High,Morning,Bike,23,4.0,59,82
511,12.46,Foggy,Low,Afternoon,Bike,10,1.0,62,72
59,1.38,Clear,Medium,Morning,Car,6,3.0,17,23
475,10.79,Clear,Medium,Evening,Scooter,24,1.0,65,89
561,14.23,Clear,Medium,Afternoon,Scooter,23,7.0,70,93
857,1.21,Snowy,Low,Afternoon,Bike,22,1.0,39,61
748,11.1,Clear,Low,Afternoon,Bike,18,7.0,56,74
253,17.1,Clear,Medium,Evening,Bike,25,5.0,65,90
22,3.22,Clear,Medium,Afternoon,Bike,19,9.0,32,51
314,19.27,Foggy,Medium,Morning,Car,29,9.0,85,114
460,2.82,Rainy,Medium,Evening,Scooter,10,1.0,29,39
161,7.67,Foggy,Medium,Afternoon,Scooter,22,8.0,59,81
277,16.07,Clear,Medium,Evening,Bike,16,5.0,64,80
956,7.97,Windy,Medium,Evening,Scooter,9,8.0,35,44
192,18.0,Rainy,High,Night,Car,22,4.0,98,120
386,16.17,Clear,Medium,Evening,Scooter,12,2.0,78,90
806,14.86,Clear,High,Night,Scooter,15,4.0,91,106
414,11.68,Clear,Medium,Afternoon,Scooter,25,7.0,70,95
492,12.59,Clear,Low,Evening,Scooter,10,2.0,39,49
344,8.96,Snowy,Low,Morning,Car,6,5.0,51,57
770,16.51,Clear,Medium,Morning,Bike,7,1.0,79,86
309,16.01,Clear,Low,Afternoon,Car,12,4.0,72,84
662,19.74,Rainy,High,Afternoon,Scooter,11,7.0,81,92
131,8.64,Snowy,Low,Evening,Bike,29,4.0,62,91
664,5.13,Clear,Medium,Morning,Car,16,1.0,38,54
872,5.78,Clear,High,Morning,Bike,11,5.0,38,49
100,2.6,Clear,Low,Afternoon,Bike,16,1.0,29,45
373,2.34,Foggy,Medium,Morning,Bike,8,2.0,28,36
88,12.93,Clear,Medium,Morning,Scooter,20,8.0,58,78
459,1.6,Clear,Medium,Evening,Bike,14,8.0,24,38
331,7.44,Rainy,Low,Evening,Bike,27,5.0,53,80
215,14.39,Rainy,Medium,Morning,Scooter,6,4.0,50,56
467,6.07,Clear,Low,Afternoon,Bike,18,4.0,35,53
122,17.97,Windy,Medium,Morning,Scooter,28,7.0,92,120
615,17.53,Clear,Low,Afternoon,Bike,14,6.0,79,93
21,12.43,Rainy,High,Morning,Bike,13,6.0,70,83
701,10.89,Windy,Medium,Evening,Bike,7,0.0,58,65
72,4.37,Clear,Medium,Evening,Scooter,6,7.0,25,31
107,8.5,Clear,High,Evening,Car,13,3.0,54,67
271,16.28,Rainy,Low,Morning,Scooter,8,9.0,71,79
861,15.62,Snowy,High,Evening,Scooter,26,2.0,81,107
436,14.17,Clear,Low,Afternoon,Bike,8,0.0,55,63
103,6.63,Foggy,Low,Night,Scooter,24,3.0,58,82
